row_index,_sheet
0,Export
1,Export
2,Export
3,Export
4,Export
5,Export
6,Export
7,Export
8,Export
9,Export
10,Export
11,Export
12,Export
13,Export
14,Export
15,Export
16,Export
17,Export
18,Export
19,Export
20,Export
21,Export
22,Export
23,Export
24,Export
25,Export
26,Export
27,Export
28,Export
29,Export
30,Export
31,Export
32,Export
33,Export
34,Export
35,Export
36,Export
37,Export
38,Export
39,Export
40,Export
41,Export
42,Export
43,Export
44,Export
45,Export
46,Export
47,Export
48,Export
49,Export
50,Export
51,Export
52,Export
53,Export
54,Export
55,Export
56,Export
57,Export
58,Export
59,Export
60,Export
61,Export
62,Export
63,Export
64,Export
65,Export
66,Export
67,Export
68,Export
69,Export
70,Export
71,Export
72,Export
73,Export
74,Export
75,Export
76,Export
77,Export
78,Export
79,Export
80,Export
81,Export
82,Export
83,Export
84,Export
85,Export
86,Export
87,Export
88,Export
89,Export
90,Export
91,Export
92,Export
93,Export
94,Export
95,Export
96,Export
97,Export
98,Export
99,Export
100,Export
101,Export
102,Export
103,Export
104,Export
105,Export
106,Export
107,Export
108,Export
109,Export
110,Export
111,Export
112,Export
113,Export
114,Export
115,Export
116,Export
117,Export
118,Export
119,Export
120,Export
121,Export
122,Export
123,Export
124,Export
125,Export
126,Export
127,Export
128,Export
129,Export
130,Export
131,Export
132,Export
133,Export
134,Export
135,Export
136,Export
137,Export
138,Export
139,Export
140,Export
141,Export
142,Export
143,Export
144,Export
145,Export
146,Export
147,Export
148,Export
149,Export
150,Export
151,Export
152,Export
153,Export
154,Export
155,Export
156,Export
157,Export
158,Export
159,Export
160,Export
161,Export
162,Export
163,Export
164,Export
165,Export
166,Export
167,Export
168,Export
169,Export
170,Export
171,Export
172,Export
173,Export
174,Export
175,Export
176,Export
177,Export
178,Export
179,Export
180,Export
181,Export
